name,nbTrips,nbCombineTrips,percentageOfCombine(%),nbCombineTripsDepotToDepot,nbCombineTripsDepotToNonDepot,nbCombineTripsNonDepotToDepot,nbCombineTripsNonDepotToNonDepot,nbNormalTrips,nbNormalTripsDepotToDepot,nbNormalTripDepotToNonDepot,nbNormalTripsNonDepotToDepot,nbNormalTripsNonDepotToNonDepot,lengthOfDepartureTimeFlexibility
nbCities:3; nbDepots:2; size:90 90;nbTrips:25;nbCombinedTrips0;maxFolderTimeSlotAsTimeWindow0;planningHorizon:0-1440;maxDriving:540;maxWorking:720,25,0,0.0,0,0,0,0,25,5,10,10,0,1,
nbCities:3; nbDepots:2; size:90 90;nbTrips:25;nbCombinedTrips0;maxFolderTimeSlotAsTimeWindow1;planningHorizon:0-1440;maxDriving:540;maxWorking:720,25,0,0.0,0,0,0,0,25,5,10,10,0,11,
nbCities:3; nbDepots:2; size:90 90;nbTrips:25;nbCombinedTrips0;maxFolderTimeSlotAsTimeWindow2;planningHorizon:0-1440;maxDriving:540;maxWorking:720,25,0,0.0,0,0,0,0,25,5,10,10,0,21,
nbCities:3; nbDepots:2; size:90 90;nbTrips:25;nbCombinedTrips0;maxFolderTimeSlotAsTimeWindow3;planningHorizon:0-1440;maxDriving:540;maxWorking:720,25,0,0.0,0,0,0,0,25,5,10,10,0,31,
nbCities:3; nbDepots:2; size:90 90;nbTrips:25;nbCombinedTrips0;maxFolderTimeSlotAsTimeWindow4;planningHorizon:0-1440;maxDriving:540;maxWorking:720,25,0,0.0,0,0,0,0,25,5,10,10,0,41,
nbCities:3; nbDepots:2; size:90 90;nbTrips:25;nbCombinedTrips0;maxFolderTimeSlotAsTimeWindow5;planningHorizon:0-1440;maxDriving:540;maxWorking:720,25,0,0.0,0,0,0,0,25,5,10,10,0,51,
nbCities:3; nbDepots:2; size:90 90;nbTrips:25;nbCombinedTrips0;maxFolderTimeSlotAsTimeWindow6;planningHorizon:0-1440;maxDriving:540;maxWorking:720,25,0,0.0,0,0,0,0,25,5,10,10,0,61,
nbCities:3; nbDepots:2; size:90 90;nbTrips:25;nbCombinedTrips1;maxFolderTimeSlotAsTimeWindow0;planningHorizon:0-1440;maxDriving:540;maxWorking:720,25,1,4.0,0,0,1,0,24,6,10,8,0,1,
nbCities:3; nbDepots:2; size:90 90;nbTrips:25;nbCombinedTrips1;maxFolderTimeSlotAsTimeWindow1;planningHorizon:0-1440;maxDriving:540;maxWorking:720,25,1,4.0,0,0,1,0,24,6,10,8,0,11,
nbCities:3; nbDepots:2; size:90 90;nbTrips:25;nbCombinedTrips1;maxFolderTimeSlotAsTimeWindow2;planningHorizon:0-1440;maxDriving:540;maxWorking:720,25,1,4.0,0,0,1,0,24,6,10,8,0,21,
nbCities:3; nbDepots:2; size:90 90;nbTrips:25;nbCombinedTrips1;maxFolderTimeSlotAsTimeWindow3;planningHorizon:0-1440;maxDriving:540;maxWorking:720,25,1,4.0,0,0,1,0,24,6,10,8,0,31,
nbCities:3; nbDepots:2; size:90 90;nbTrips:25;nbCombinedTrips1;maxFolderTimeSlotAsTimeWindow4;planningHorizon:0-1440;maxDriving:540;maxWorking:720,25,1,4.0,0,0,1,0,24,6,10,8,0,41,
nbCities:3; nbDepots:2; size:90 90;nbTrips:25;nbCombinedTrips1;maxFolderTimeSlotAsTimeWindow5;planningHorizon:0-1440;maxDriving:540;maxWorking:720,25,1,4.0,0,0,1,0,24,6,10,8,0,51,
nbCities:3; nbDepots:2; size:90 90;nbTrips:25;nbCombinedTrips1;maxFolderTimeSlotAsTimeWindow6;planningHorizon:0-1440;maxDriving:540;maxWorking:720,25,1,4.0,0,0,1,0,24,6,10,8,0,61,
nbCities:3; nbDepots:2; size:90 90;nbTrips:30;nbCombinedTrips0;maxFolderTimeSlotAsTimeWindow0;planningHorizon:0-1440;maxDriving:540;maxWorking:720,30,0,0.0,0,0,0,0,30,12,9,9,0,1,
nbCities:3; nbDepots:2; size:90 90;nbTrips:30;nbCombinedTrips0;maxFolderTimeSlotAsTimeWindow1;planningHorizon:0-1440;maxDriving:540;maxWorking:720,30,0,0.0,0,0,0,0,30,12,9,9,0,11,
nbCities:3; nbDepots:2; size:90 90;nbTrips:30;nbCombinedTrips0;maxFolderTimeSlotAsTimeWindow2;planningHorizon:0-1440;maxDriving:540;maxWorking:720,30,0,0.0,0,0,0,0,30,12,9,9,0,21,
nbCities:3; nbDepots:2; size:90 90;nbTrips:30;nbCombinedTrips0;maxFolderTimeSlotAsTimeWindow3;planningHorizon:0-1440;maxDriving:540;maxWorking:720,30,0,0.0,0,0,0,0,30,12,9,9,0,31,
nbCities:3; nbDepots:2; size:90 90;nbTrips:30;nbCombinedTrips0;maxFolderTimeSlotAsTimeWindow4;planningHorizon:0-1440;maxDriving:540;maxWorking:720,30,0,0.0,0,0,0,0,30,12,9,9,0,41,
nbCities:3; nbDepots:2; size:90 90;nbTrips:30;nbCombinedTrips0;maxFolderTimeSlotAsTimeWindow5;planningHorizon:0-1440;maxDriving:540;maxWorking:720,30,0,0.0,0,0,0,0,30,12,9,9,0,51,
nbCities:3; nbDepots:2; size:90 90;nbTrips:30;nbCombinedTrips0;maxFolderTimeSlotAsTimeWindow6;planningHorizon:0-1440;maxDriving:540;maxWorking:720,30,0,0.0,0,0,0,0,30,12,9,9,0,61,
nbCities:3; nbDepots:2; size:90 90;nbTrips:30;nbCombinedTrips2;maxFolderTimeSlotAsTimeWindow0;planningHorizon:0-1440;maxDriving:540;maxWorking:720,30,2,6.666666666666667,0,1,1,0,28,8,10,10,0,1,
nbCities:3; nbDepots:2; size:90 90;nbTrips:30;nbCombinedTrips2;maxFolderTimeSlotAsTimeWindow1;planningHorizon:0-1440;maxDriving:540;maxWorking:720,30,2,6.666666666666667,0,1,1,0,28,8,10,10,0,11,
nbCities:3; nbDepots:2; size:90 90;nbTrips:30;nbCombinedTrips2;maxFolderTimeSlotAsTimeWindow2;planningHorizon:0-1440;maxDriving:540;maxWorking:720,30,2,6.666666666666667,0,1,1,0,28,8,10,10,0,21,
nbCities:3; nbDepots:2; size:90 90;nbTrips:30;nbCombinedTrips2;maxFolderTimeSlotAsTimeWindow3;planningHorizon:0-1440;maxDriving:540;maxWorking:720,30,2,6.666666666666667,0,1,1,0,28,8,10,10,0,31,
nbCities:3; nbDepots:2; size:90 90;nbTrips:30;nbCombinedTrips2;maxFolderTimeSlotAsTimeWindow4;planningHorizon:0-1440;maxDriving:540;maxWorking:720,30,2,6.666666666666667,0,1,1,0,28,8,10,10,0,41,
nbCities:3; nbDepots:2; size:90 90;nbTrips:30;nbCombinedTrips2;maxFolderTimeSlotAsTimeWindow5;planningHorizon:0-1440;maxDriving:540;maxWorking:720,30,2,6.666666666666667,0,1,1,0,28,8,10,10,0,51,
nbCities:3; nbDepots:2; size:90 90;nbTrips:30;nbCombinedTrips2;maxFolderTimeSlotAsTimeWindow6;planningHorizon:0-1440;maxDriving:540;maxWorking:720,30,2,6.666666666666667,0,1,1,0,28,8,10,10,0,61,
nbCities:3; nbDepots:2; size:90 90;nbTrips:35;nbCombinedTrips0;maxFolderTimeSlotAsTimeWindow0;planningHorizon:0-1440;maxDriving:540;maxWorking:720,35,0,0.0,0,0,0,0,35,11,12,12,0,1,
nbCities:3; nbDepots:2; size:90 90;nbTrips:35;nbCombinedTrips0;maxFolderTimeSlotAsTimeWindow1;planningHorizon:0-1440;maxDriving:540;maxWorking:720,35,0,0.0,0,0,0,0,35,11,12,12,0,11,
nbCities:3; nbDepots:2; size:90 90;nbTrips:35;nbCombinedTrips0;maxFolderTimeSlotAsTimeWindow2;planningHorizon:0-1440;maxDriving:540;maxWorking:720,35,0,0.0,0,0,0,0,35,11,12,12,0,21,
nbCities:3; nbDepots:2; size:90 90;nbTrips:35;nbCombinedTrips0;maxFolderTimeSlotAsTimeWindow3;planningHorizon:0-1440;maxDriving:540;maxWorking:720,35,0,0.0,0,0,0,0,35,11,12,12,0,31,
nbCities:3; nbDepots:2; size:90 90;nbTrips:35;nbCombinedTrips0;maxFolderTimeSlotAsTimeWindow4;planningHorizon:0-1440;maxDriving:540;maxWorking:720,35,0,0.0,0,0,0,0,35,11,12,12,0,41,
nbCities:3; nbDepots:2; size:90 90;nbTrips:35;nbCombinedTrips0;maxFolderTimeSlotAsTimeWindow5;planningHorizon:0-1440;maxDriving:540;maxWorking:720,35,0,0.0,0,0,0,0,35,11,12,12,0,51,
nbCities:3; nbDepots:2; size:90 90;nbTrips:35;nbCombinedTrips0;maxFolderTimeSlotAsTimeWindow6;planningHorizon:0-1440;maxDriving:540;maxWorking:720,35,0,0.0,0,0,0,0,35,11,12,12,0,61,
nbCities:3; nbDepots:2; size:90 90;nbTrips:35;nbCombinedTrips3;maxFolderTimeSlotAsTimeWindow0;planningHorizon:0-1440;maxDriving:540;maxWorking:720,35,3,8.571428571428571,0,2,1,0,32,10,10,12,0,1,
nbCities:3; nbDepots:2; size:90 90;nbTrips:35;nbCombinedTrips3;maxFolderTimeSlotAsTimeWindow1;planningHorizon:0-1440;maxDriving:540;maxWorking:720,35,3,8.571428571428571,0,2,1,0,32,10,10,12,0,11,
nbCities:3; nbDepots:2; size:90 90;nbTrips:35;nbCombinedTrips3;maxFolderTimeSlotAsTimeWindow2;planningHorizon:0-1440;maxDriving:540;maxWorking:720,35,3,8.571428571428571,0,2,1,0,32,10,10,12,0,21,
nbCities:3; nbDepots:2; size:90 90;nbTrips:35;nbCombinedTrips3;maxFolderTimeSlotAsTimeWindow3;planningHorizon:0-1440;maxDriving:540;maxWorking:720,35,3,8.571428571428571,0,2,1,0,32,10,10,12,0,31,
nbCities:3; nbDepots:2; size:90 90;nbTrips:35;nbCombinedTrips3;maxFolderTimeSlotAsTimeWindow4;planningHorizon:0-1440;maxDriving:540;maxWorking:720,35,3,8.571428571428571,0,2,1,0,32,10,10,12,0,41,
nbCities:3; nbDepots:2; size:90 90;nbTrips:35;nbCombinedTrips3;maxFolderTimeSlotAsTimeWindow5;planningHorizon:0-1440;maxDriving:540;maxWorking:720,35,3,8.571428571428571,0,2,1,0,32,10,10,12,0,51,
nbCities:3; nbDepots:2; size:90 90;nbTrips:35;nbCombinedTrips3;maxFolderTimeSlotAsTimeWindow6;planningHorizon:0-1440;maxDriving:540;maxWorking:720,35,3,8.571428571428571,0,2,1,0,32,10,10,12,0,61,
nbCities:3; nbDepots:2; size:90 90;nbTrips:40;nbCombinedTrips0;maxFolderTimeSlotAsTimeWindow0;planningHorizon:0-1440;maxDriving:540;maxWorking:720,40,0,0.0,0,0,0,0,40,12,14,14,0,1,
nbCities:3; nbDepots:2; size:90 90;nbTrips:40;nbCombinedTrips0;maxFolderTimeSlotAsTimeWindow1;planningHorizon:0-1440;maxDriving:540;maxWorking:720,40,0,0.0,0,0,0,0,40,12,14,14,0,11,
nbCities:3; nbDepots:2; size:90 90;nbTrips:40;nbCombinedTrips0;maxFolderTimeSlotAsTimeWindow2;planningHorizon:0-1440;maxDriving:540;maxWorking:720,40,0,0.0,0,0,0,0,40,12,14,14,0,21,
nbCities:3; nbDepots:2; size:90 90;nbTrips:40;nbCombinedTrips0;maxFolderTimeSlotAsTimeWindow3;planningHorizon:0-1440;maxDriving:540;maxWorking:720,40,0,0.0,0,0,0,0,40,12,14,14,0,31,
nbCities:3; nbDepots:2; size:90 90;nbTrips:40;nbCombinedTrips0;maxFolderTimeSlotAsTimeWindow4;planningHorizon:0-1440;maxDriving:540;maxWorking:720,40,0,0.0,0,0,0,0,40,12,14,14,0,41,
nbCities:3; nbDepots:2; size:90 90;nbTrips:40;nbCombinedTrips0;maxFolderTimeSlotAsTimeWindow5;planningHorizon:0-1440;maxDriving:540;maxWorking:720,40,0,0.0,0,0,0,0,40,12,14,14,0,51,
nbCities:3; nbDepots:2; size:90 90;nbTrips:40;nbCombinedTrips0;maxFolderTimeSlotAsTimeWindow6;planningHorizon:0-1440;maxDriving:540;maxWorking:720,40,0,0.0,0,0,0,0,40,12,14,14,0,61,
nbCities:3; nbDepots:2; size:90 90;nbTrips:40;nbCombinedTrips4;maxFolderTimeSlotAsTimeWindow0;planningHorizon:0-1440;maxDriving:540;maxWorking:720,40,4,10.0,0,3,1,0,36,10,11,15,0,1,
nbCities:3; nbDepots:2; size:90 90;nbTrips:40;nbCombinedTrips4;maxFolderTimeSlotAsTimeWindow1;planningHorizon:0-1440;maxDriving:540;maxWorking:720,40,4,10.0,0,3,1,0,36,10,11,15,0,11,
nbCities:3; nbDepots:2; size:90 90;nbTrips:40;nbCombinedTrips4;maxFolderTimeSlotAsTimeWindow2;planningHorizon:0-1440;maxDriving:540;maxWorking:720,40,4,10.0,0,3,1,0,36,10,11,15,0,21,
nbCities:3; nbDepots:2; size:90 90;nbTrips:40;nbCombinedTrips4;maxFolderTimeSlotAsTimeWindow3;planningHorizon:0-1440;maxDriving:540;maxWorking:720,40,4,10.0,0,3,1,0,36,10,11,15,0,31,
nbCities:3; nbDepots:2; size:90 90;nbTrips:40;nbCombinedTrips4;maxFolderTimeSlotAsTimeWindow4;planningHorizon:0-1440;maxDriving:540;maxWorking:720,40,4,10.0,0,3,1,0,36,10,11,15,0,41,
nbCities:3; nbDepots:2; size:90 90;nbTrips:40;nbCombinedTrips4;maxFolderTimeSlotAsTimeWindow5;planningHorizon:0-1440;maxDriving:540;maxWorking:720,40,4,10.0,0,3,1,0,36,10,11,15,0,51,
nbCities:3; nbDepots:2; size:90 90;nbTrips:40;nbCombinedTrips4;maxFolderTimeSlotAsTimeWindow6;planningHorizon:0-1440;maxDriving:540;maxWorking:720,40,4,10.0,0,3,1,0,36,10,11,15,0,61,
nbCities:3; nbDepots:2; size:90 90;nbTrips:45;nbCombinedTrips0;maxFolderTimeSlotAsTimeWindow0;planningHorizon:0-1440;maxDriving:540;maxWorking:720,45,0,0.0,0,0,0,0,45,13,16,16,0,1,
nbCities:3; nbDepots:2; size:90 90;nbTrips:45;nbCombinedTrips0;maxFolderTimeSlotAsTimeWindow1;planningHorizon:0-1440;maxDriving:540;maxWorking:720,45,0,0.0,0,0,0,0,45,13,16,16,0,11,
nbCities:3; nbDepots:2; size:90 90;nbTrips:45;nbCombinedTrips0;maxFolderTimeSlotAsTimeWindow2;planningHorizon:0-1440;maxDriving:540;maxWorking:720,45,0,0.0,0,0,0,0,45,13,16,16,0,21,
nbCities:3; nbDepots:2; size:90 90;nbTrips:45;nbCombinedTrips0;maxFolderTimeSlotAsTimeWindow3;planningHorizon:0-1440;maxDriving:540;maxWorking:720,45,0,0.0,0,0,0,0,45,13,16,16,0,31,
nbCities:3; nbDepots:2; size:90 90;nbTrips:45;nbCombinedTrips0;maxFolderTimeSlotAsTimeWindow4;planningHorizon:0-1440;maxDriving:540;maxWorking:720,45,0,0.0,0,0,0,0,45,13,16,16,0,41,
nbCities:3; nbDepots:2; size:90 90;nbTrips:45;nbCombinedTrips0;maxFolderTimeSlotAsTimeWindow5;planningHorizon:0-1440;maxDriving:540;maxWorking:720,45,0,0.0,0,0,0,0,45,13,16,16,0,51,
nbCities:3; nbDepots:2; size:90 90;nbTrips:45;nbCombinedTrips0;maxFolderTimeSlotAsTimeWindow6;planningHorizon:0-1440;maxDriving:540;maxWorking:720,45,0,0.0,0,0,0,0,45,13,16,16,0,61,
nbCities:3; nbDepots:2; size:90 90;nbTrips:45;nbCombinedTrips6;maxFolderTimeSlotAsTimeWindow0;planningHorizon:0-1440;maxDriving:540;maxWorking:720,45,6,13.333333333333334,1,3,2,0,39,11,13,15,0,1,
nbCities:3; nbDepots:2; size:90 90;nbTrips:45;nbCombinedTrips6;maxFolderTimeSlotAsTimeWindow1;planningHorizon:0-1440;maxDriving:540;maxWorking:720,45,6,13.333333333333334,1,3,2,0,39,11,13,15,0,11,
nbCities:3; nbDepots:2; size:90 90;nbTrips:45;nbCombinedTrips6;maxFolderTimeSlotAsTimeWindow2;planningHorizon:0-1440;maxDriving:540;maxWorking:720,45,6,13.333333333333334,1,3,2,0,39,11,13,15,0,21,
nbCities:3; nbDepots:2; size:90 90;nbTrips:45;nbCombinedTrips6;maxFolderTimeSlotAsTimeWindow3;planningHorizon:0-1440;maxDriving:540;maxWorking:720,45,6,13.333333333333334,1,3,2,0,39,11,13,15,0,31,
nbCities:3; nbDepots:2; size:90 90;nbTrips:45;nbCombinedTrips6;maxFolderTimeSlotAsTimeWindow4;planningHorizon:0-1440;maxDriving:540;maxWorking:720,45,6,13.333333333333334,1,3,2,0,39,11,13,15,0,41,
nbCities:3; nbDepots:2; size:90 90;nbTrips:45;nbCombinedTrips6;maxFolderTimeSlotAsTimeWindow5;planningHorizon:0-1440;maxDriving:540;maxWorking:720,45,6,13.333333333333334,1,3,2,0,39,11,13,15,0,51,
nbCities:3; nbDepots:2; size:90 90;nbTrips:45;nbCombinedTrips6;maxFolderTimeSlotAsTimeWindow6;planningHorizon:0-1440;maxDriving:540;maxWorking:720,45,6,13.333333333333334,1,3,2,0,39,11,13,15,0,61,
nbCities:3; nbDepots:2; size:90 90;nbTrips:50;nbCombinedTrips0;maxFolderTimeSlotAsTimeWindow0;planningHorizon:0-1440;maxDriving:540;maxWorking:720,50,0,0.0,0,0,0,0,50,16,17,17,0,1,
nbCities:3; nbDepots:2; size:90 90;nbTrips:50;nbCombinedTrips0;maxFolderTimeSlotAsTimeWindow1;planningHorizon:0-1440;maxDriving:540;maxWorking:720,50,0,0.0,0,0,0,0,50,16,17,17,0,11,
nbCities:3; nbDepots:2; size:90 90;nbTrips:50;nbCombinedTrips0;maxFolderTimeSlotAsTimeWindow2;planningHorizon:0-1440;maxDriving:540;maxWorking:720,50,0,0.0,0,0,0,0,50,16,17,17,0,21,
nbCities:3; nbDepots:2; size:90 90;nbTrips:50;nbCombinedTrips0;maxFolderTimeSlotAsTimeWindow3;planningHorizon:0-1440;maxDriving:540;maxWorking:720,50,0,0.0,0,0,0,0,50,16,17,17,0,31,
nbCities:3; nbDepots:2; size:90 90;nbTrips:50;nbCombinedTrips0;maxFolderTimeSlotAsTimeWindow4;planningHorizon:0-1440;maxDriving:540;maxWorking:720,50,0,0.0,0,0,0,0,50,16,17,17,0,41,
nbCities:3; nbDepots:2; size:90 90;nbTrips:50;nbCombinedTrips0;maxFolderTimeSlotAsTimeWindow5;planningHorizon:0-1440;maxDriving:540;maxWorking:720,50,0,0.0,0,0,0,0,50,16,17,17,0,51,
nbCities:3; nbDepots:2; size:90 90;nbTrips:50;nbCombinedTrips0;maxFolderTimeSlotAsTimeWindow6;planningHorizon:0-1440;maxDriving:540;maxWorking:720,50,0,0.0,0,0,0,0,50,16,17,17,0,61,
nbCities:3; nbDepots:2; size:90 90;nbTrips:50;nbCombinedTrips6;maxFolderTimeSlotAsTimeWindow0;planningHorizon:0-1440;maxDriving:540;maxWorking:720,50,6,12.0,1,3,2,0,44,12,15,17,0,1,
nbCities:3; nbDepots:2; size:90 90;nbTrips:50;nbCombinedTrips6;maxFolderTimeSlotAsTimeWindow1;planningHorizon:0-1440;maxDriving:540;maxWorking:720,50,6,12.0,1,3,2,0,44,12,15,17,0,11,
nbCities:3; nbDepots:2; size:90 90;nbTrips:50;nbCombinedTrips6;maxFolderTimeSlotAsTimeWindow2;planningHorizon:0-1440;maxDriving:540;maxWorking:720,50,6,12.0,1,3,2,0,44,12,15,17,0,21,
nbCities:3; nbDepots:2; size:90 90;nbTrips:50;nbCombinedTrips6;maxFolderTimeSlotAsTimeWindow3;planningHorizon:0-1440;maxDriving:540;maxWorking:720,50,6,12.0,1,3,2,0,44,12,15,17,0,31,
nbCities:3; nbDepots:2; size:90 90;nbTrips:50;nbCombinedTrips6;maxFolderTimeSlotAsTimeWindow4;planningHorizon:0-1440;maxDriving:540;maxWorking:720,50,6,12.0,1,3,2,0,44,12,15,17,0,41,
nbCities:3; nbDepots:2; size:90 90;nbTrips:50;nbCombinedTrips6;maxFolderTimeSlotAsTimeWindow5;planningHorizon:0-1440;maxDriving:540;maxWorking:720,50,6,12.0,1,3,2,0,44,12,15,17,0,51,
nbCities:3; nbDepots:2; size:90 90;nbTrips:50;nbCombinedTrips6;maxFolderTimeSlotAsTimeWindow6;planningHorizon:0-1440;maxDriving:540;maxWorking:720,50,6,12.0,1,3,2,0,44,12,15,17,0,61,
nbCities:3; nbDepots:2; size:90 90;nbTrips:80;nbCombinedTrips0;maxFolderTimeSlotAsTimeWindow0;planningHorizon:0-1440;maxDriving:540;maxWorking:720,80,0,0.0,0,0,0,0,80,28,26,26,0,1,
nbCities:3; nbDepots:2; size:90 90;nbTrips:80;nbCombinedTrips0;maxFolderTimeSlotAsTimeWindow1;planningHorizon:0-1440;maxDriving:540;maxWorking:720,80,0,0.0,0,0,0,0,80,28,26,26,0,11,
nbCities:3; nbDepots:2; size:90 90;nbTrips:80;nbCombinedTrips0;maxFolderTimeSlotAsTimeWindow2;planningHorizon:0-1440;maxDriving:540;maxWorking:720,80,0,0.0,0,0,0,0,80,28,26,26,0,21,
nbCities:3; nbDepots:2; size:90 90;nbTrips:80;nbCombinedTrips0;maxFolderTimeSlotAsTimeWindow3;planningHorizon:0-1440;maxDriving:540;maxWorking:720,80,0,0.0,0,0,0,0,80,28,26,26,0,31,
nbCities:3; nbDepots:2; size:90 90;nbTrips:80;nbCombinedTrips0;maxFolderTimeSlotAsTimeWindow4;planningHorizon:0-1440;maxDriving:540;maxWorking:720,80,0,0.0,0,0,0,0,80,28,26,26,0,41,
nbCities:3; nbDepots:2; size:90 90;nbTrips:80;nbCombinedTrips0;maxFolderTimeSlotAsTimeWindow5;planningHorizon:0-1440;maxDriving:540;maxWorking:720,80,0,0.0,0,0,0,0,80,28,26,26,0,51,
nbCities:3; nbDepots:2; size:90 90;nbTrips:80;nbCombinedTrips0;maxFolderTimeSlotAsTimeWindow6;planningHorizon:0-1440;maxDriving:540;maxWorking:720,80,0,0.0,0,0,0,0,80,28,26,26,0,61,
nbCities:3; nbDepots:2; size:90 90;nbTrips:80;nbCombinedTrips17;maxFolderTimeSlotAsTimeWindow0;planningHorizon:0-1440;maxDriving:540;maxWorking:720,80,17,21.25,6,4,7,0,63,19,25,19,0,1,
nbCities:3; nbDepots:2; size:90 90;nbTrips:80;nbCombinedTrips17;maxFolderTimeSlotAsTimeWindow1;planningHorizon:0-1440;maxDriving:540;maxWorking:720,80,17,21.25,6,4,7,0,63,19,25,19,0,11,
nbCities:3; nbDepots:2; size:90 90;nbTrips:80;nbCombinedTrips17;maxFolderTimeSlotAsTimeWindow2;planningHorizon:0-1440;maxDriving:540;maxWorking:720,80,17,21.25,6,4,7,0,63,19,25,19,0,21,
nbCities:3; nbDepots:2; size:90 90;nbTrips:80;nbCombinedTrips17;maxFolderTimeSlotAsTimeWindow3;planningHorizon:0-1440;maxDriving:540;maxWorking:720,80,17,21.25,6,4,7,0,63,19,25,19,0,31,
nbCities:3; nbDepots:2; size:90 90;nbTrips:80;nbCombinedTrips17;maxFolderTimeSlotAsTimeWindow4;planningHorizon:0-1440;maxDriving:540;maxWorking:720,80,17,21.25,6,4,7,0,63,19,25,19,0,41,
nbCities:3; nbDepots:2; size:90 90;nbTrips:80;nbCombinedTrips17;maxFolderTimeSlotAsTimeWindow5;planningHorizon:0-1440;maxDriving:540;maxWorking:720,80,17,21.25,6,4,7,0,63,19,25,19,0,51,
nbCities:3; nbDepots:2; size:90 90;nbTrips:80;nbCombinedTrips17;maxFolderTimeSlotAsTimeWindow6;planningHorizon:0-1440;maxDriving:540;maxWorking:720,80,17,21.25,6,4,7,0,63,19,25,19,0,61,
nbCities:3; nbDepots:2; size:90 90;nbTrips:100;nbCombinedTrips0;maxFolderTimeSlotAsTimeWindow0;planningHorizon:0-1440;maxDriving:540;maxWorking:720,100,0,0.0,0,0,0,0,100,36,32,32,0,1,
nbCities:3; nbDepots:2; size:90 90;nbTrips:100;nbCombinedTrips0;maxFolderTimeSlotAsTimeWindow1;planningHorizon:0-1440;maxDriving:540;maxWorking:720,100,0,0.0,0,0,0,0,100,36,32,32,0,11,
nbCities:3; nbDepots:2; size:90 90;nbTrips:100;nbCombinedTrips0;maxFolderTimeSlotAsTimeWindow2;planningHorizon:0-1440;maxDriving:540;maxWorking:720,100,0,0.0,0,0,0,0,100,36,32,32,0,21,
nbCities:3; nbDepots:2; size:90 90;nbTrips:100;nbCombinedTrips0;maxFolderTimeSlotAsTimeWindow3;planningHorizon:0-1440;maxDriving:540;maxWorking:720,100,0,0.0,0,0,0,0,100,36,32,32,0,31,
nbCities:3; nbDepots:2; size:90 90;nbTrips:100;nbCombinedTrips0;maxFolderTimeSlotAsTimeWindow4;planningHorizon:0-1440;maxDriving:540;maxWorking:720,100,0,0.0,0,0,0,0,100,36,32,32,0,41,
nbCities:3; nbDepots:2; size:90 90;nbTrips:100;nbCombinedTrips0;maxFolderTimeSlotAsTimeWindow5;planningHorizon:0-1440;maxDriving:540;maxWorking:720,100,0,0.0,0,0,0,0,100,36,32,32,0,51,
nbCities:3; nbDepots:2; size:90 90;nbTrips:100;nbCombinedTrips0;maxFolderTimeSlotAsTimeWindow6;planningHorizon:0-1440;maxDriving:540;maxWorking:720,100,0,0.0,0,0,0,0,100,36,32,32,0,61,
nbCities:3; nbDepots:2; size:90 90;nbTrips:100;nbCombinedTrips25;maxFolderTimeSlotAsTimeWindow0;planningHorizon:0-1440;maxDriving:540;maxWorking:720,100,25,25.0,8,6,11,0,75,19,33,23,0,1,
nbCities:3; nbDepots:2; size:90 90;nbTrips:100;nbCombinedTrips25;maxFolderTimeSlotAsTimeWindow1;planningHorizon:0-1440;maxDriving:540;maxWorking:720,100,25,25.0,8,6,11,0,75,19,33,23,0,11,
nbCities:3; nbDepots:2; size:90 90;nbTrips:100;nbCombinedTrips25;maxFolderTimeSlotAsTimeWindow2;planningHorizon:0-1440;maxDriving:540;maxWorking:720,100,25,25.0,8,6,11,0,75,19,33,23,0,21,
nbCities:3; nbDepots:2; size:90 90;nbTrips:100;nbCombinedTrips25;maxFolderTimeSlotAsTimeWindow3;planningHorizon:0-1440;maxDriving:540;maxWorking:720,100,25,25.0,8,6,11,0,75,19,33,23,0,31,
nbCities:3; nbDepots:2; size:90 90;nbTrips:100;nbCombinedTrips25;maxFolderTimeSlotAsTimeWindow4;planningHorizon:0-1440;maxDriving:540;maxWorking:720,100,25,25.0,8,6,11,0,75,19,33,23,0,41,
nbCities:3; nbDepots:2; size:90 90;nbTrips:100;nbCombinedTrips25;maxFolderTimeSlotAsTimeWindow5;planningHorizon:0-1440;maxDriving:540;maxWorking:720,100,25,25.0,8,6,11,0,75,19,33,23,0,51,
nbCities:3; nbDepots:2; size:90 90;nbTrips:100;nbCombinedTrips25;maxFolderTimeSlotAsTimeWindow6;planningHorizon:0-1440;maxDriving:540;maxWorking:720,100,25,25.0,8,6,11,0,75,19,33,23,0,61,
nbCities:3; nbDepots:2; size:90 90;nbTrips:120;nbCombinedTrips0;maxFolderTimeSlotAsTimeWindow0;planningHorizon:0-1440;maxDriving:540;maxWorking:720,120,0,0.0,0,0,0,0,120,42,39,39,0,1,
nbCities:3; nbDepots:2; size:90 90;nbTrips:120;nbCombinedTrips0;maxFolderTimeSlotAsTimeWindow1;planningHorizon:0-1440;maxDriving:540;maxWorking:720,120,0,0.0,0,0,0,0,120,42,39,39,0,11,
nbCities:3; nbDepots:2; size:90 90;nbTrips:120;nbCombinedTrips0;maxFolderTimeSlotAsTimeWindow2;planningHorizon:0-1440;maxDriving:540;maxWorking:720,120,0,0.0,0,0,0,0,120,42,39,39,0,21,
nbCities:3; nbDepots:2; size:90 90;nbTrips:120;nbCombinedTrips0;maxFolderTimeSlotAsTimeWindow3;planningHorizon:0-1440;maxDriving:540;maxWorking:720,120,0,0.0,0,0,0,0,120,42,39,39,0,31,
nbCities:3; nbDepots:2; size:90 90;nbTrips:120;nbCombinedTrips0;maxFolderTimeSlotAsTimeWindow4;planningHorizon:0-1440;maxDriving:540;maxWorking:720,120,0,0.0,0,0,0,0,120,42,39,39,0,41,
nbCities:3; nbDepots:2; size:90 90;nbTrips:120;nbCombinedTrips0;maxFolderTimeSlotAsTimeWindow5;planningHorizon:0-1440;maxDriving:540;maxWorking:720,120,0,0.0,0,0,0,0,120,42,39,39,0,51,
nbCities:3; nbDepots:2; size:90 90;nbTrips:120;nbCombinedTrips0;maxFolderTimeSlotAsTimeWindow6;planningHorizon:0-1440;maxDriving:540;maxWorking:720,120,0,0.0,0,0,0,0,120,42,39,39,0,61,
nbCities:3; nbDepots:2; size:90 90;nbTrips:120;nbCombinedTrips30;maxFolderTimeSlotAsTimeWindow0;planningHorizon:0-1440;maxDriving:540;maxWorking:720,120,30,25.0,8,10,12,0,90,26,34,30,0,1,
nbCities:3; nbDepots:2; size:90 90;nbTrips:120;nbCombinedTrips30;maxFolderTimeSlotAsTimeWindow1;planningHorizon:0-1440;maxDriving:540;maxWorking:720,120,30,25.0,8,10,12,0,90,26,34,30,0,11,
nbCities:3; nbDepots:2; size:90 90;nbTrips:120;nbCombinedTrips30;maxFolderTimeSlotAsTimeWindow2;planningHorizon:0-1440;maxDriving:540;maxWorking:720,120,30,25.0,8,10,12,0,90,26,34,30,0,21,
nbCities:3; nbDepots:2; size:90 90;nbTrips:120;nbCombinedTrips30;maxFolderTimeSlotAsTimeWindow3;planningHorizon:0-1440;maxDriving:540;maxWorking:720,120,30,25.0,8,10,12,0,90,26,34,30,0,31,
nbCities:3; nbDepots:2; size:90 90;nbTrips:120;nbCombinedTrips30;maxFolderTimeSlotAsTimeWindow4;planningHorizon:0-1440;maxDriving:540;maxWorking:720,120,30,25.0,8,10,12,0,90,26,34,30,0,41,
nbCities:3; nbDepots:2; size:90 90;nbTrips:120;nbCombinedTrips30;maxFolderTimeSlotAsTimeWindow5;planningHorizon:0-1440;maxDriving:540;maxWorking:720,120,30,25.0,8,10,12,0,90,26,34,30,0,51,
nbCities:3; nbDepots:2; size:90 90;nbTrips:120;nbCombinedTrips30;maxFolderTimeSlotAsTimeWindow6;planningHorizon:0-1440;maxDriving:540;maxWorking:720,120,30,25.0,8,10,12,0,90,26,34,30,0,61,
nbCities:3; nbDepots:2; size:90 90;nbTrips:150;nbCombinedTrips0;maxFolderTimeSlotAsTimeWindow0;planningHorizon:0-1440;maxDriving:540;maxWorking:720,150,0,0.0,0,0,0,0,150,52,49,49,0,1,
nbCities:3; nbDepots:2; size:90 90;nbTrips:150;nbCombinedTrips0;maxFolderTimeSlotAsTimeWindow1;planningHorizon:0-1440;maxDriving:540;maxWorking:720,150,0,0.0,0,0,0,0,150,52,49,49,0,11,
nbCities:3; nbDepots:2; size:90 90;nbTrips:150;nbCombinedTrips0;maxFolderTimeSlotAsTimeWindow2;planningHorizon:0-1440;maxDriving:540;maxWorking:720,150,0,0.0,0,0,0,0,150,52,49,49,0,21,
nbCities:3; nbDepots:2; size:90 90;nbTrips:150;nbCombinedTrips0;maxFolderTimeSlotAsTimeWindow3;planningHorizon:0-1440;maxDriving:540;maxWorking:720,150,0,0.0,0,0,0,0,150,52,49,49,0,31,
nbCities:3; nbDepots:2; size:90 90;nbTrips:150;nbCombinedTrips0;maxFolderTimeSlotAsTimeWindow4;planningHorizon:0-1440;maxDriving:540;maxWorking:720,150,0,0.0,0,0,0,0,150,52,49,49,0,41,
nbCities:3; nbDepots:2; size:90 90;nbTrips:150;nbCombinedTrips0;maxFolderTimeSlotAsTimeWindow5;planningHorizon:0-1440;maxDriving:540;maxWorking:720,150,0,0.0,0,0,0,0,150,52,49,49,0,51,
nbCities:3; nbDepots:2; size:90 90;nbTrips:150;nbCombinedTrips0;maxFolderTimeSlotAsTimeWindow6;planningHorizon:0-1440;maxDriving:540;maxWorking:720,150,0,0.0,0,0,0,0,150,52,49,49,0,61,
nbCities:3; nbDepots:2; size:90 90;nbTrips:150;nbCombinedTrips37;maxFolderTimeSlotAsTimeWindow0;planningHorizon:0-1440;maxDriving:540;maxWorking:720,150,37,24.666666666666668,12,11,14,0,113,33,43,37,0,1,
nbCities:3; nbDepots:2; size:90 90;nbTrips:150;nbCombinedTrips37;maxFolderTimeSlotAsTimeWindow1;planningHorizon:0-1440;maxDriving:540;maxWorking:720,150,37,24.666666666666668,12,11,14,0,113,33,43,37,0,11,
nbCities:3; nbDepots:2; size:90 90;nbTrips:150;nbCombinedTrips37;maxFolderTimeSlotAsTimeWindow2;planningHorizon:0-1440;maxDriving:540;maxWorking:720,150,37,24.666666666666668,12,11,14,0,113,33,43,37,0,21,
nbCities:3; nbDepots:2; size:90 90;nbTrips:150;nbCombinedTrips37;maxFolderTimeSlotAsTimeWindow3;planningHorizon:0-1440;maxDriving:540;maxWorking:720,150,37,24.666666666666668,12,11,14,0,113,33,43,37,0,31,
nbCities:3; nbDepots:2; size:90 90;nbTrips:150;nbCombinedTrips37;maxFolderTimeSlotAsTimeWindow4;planningHorizon:0-1440;maxDriving:540;maxWorking:720,150,37,24.666666666666668,12,11,14,0,113,33,43,37,0,41,
nbCities:3; nbDepots:2; size:90 90;nbTrips:150;nbCombinedTrips37;maxFolderTimeSlotAsTimeWindow5;planningHorizon:0-1440;maxDriving:540;maxWorking:720,150,37,24.666666666666668,12,11,14,0,113,33,43,37,0,51,
nbCities:3; nbDepots:2; size:90 90;nbTrips:150;nbCombinedTrips37;maxFolderTimeSlotAsTimeWindow6;planningHorizon:0-1440;maxDriving:540;maxWorking:720,150,37,24.666666666666668,12,11,14,0,113,33,43,37,0,61,
